时间,操作人,操作类型,证据ID,证据描述,源路径,SHA256,目标路径,接收人,备注
2026-08-30 06:00,分析师A,采集,CS-20260830-060000-mem.raw,Windows 内存镜像 (10.86.43.209),C:\evidence\CS-*\mem.raw,待填,本地工作站,分析师B,断网后 dump
2026-08-30 06:00,分析师A,采集,CS-20260830-060000-prefetch,Prefetch 文件,C:\Windows\Prefetch\,待填,本地工作站,分析师B,程序执行历史
2026-08-30 06:00,分析师A,采集,CS-20260830-060000-schtasks,计划任务列表,schtasks /query,待填,本地工作站,分析师B,持久化分析
2026-08-30 06:00,分析师A,采集,CS-20260830-060000-security.evtx,Security 事件日志,wevtutil epl Security,待填,本地工作站,分析师B,登录/进程事件
2026-08-30 06:00,分析师A,采集,CS-20260830-060000-pstree,进程树快照,Get-CimInstance Win32_Process,待填,本地工作站,分析师B,父子关系
2026-08-30 06:30,分析师B,接收,CS-20260830-060000-mem.raw,内存镜像接收确认,/Users/analyst/IR/CS-*/mem.raw,待填,/Users/analyst/IR/CS-*/,分析师B,本地存储
2026-08-30 06:35,分析师B,验真,CS-20260830-060000-mem.raw,SHA256 验证,/Users/analyst/IR/CS-*/mem.raw,待填,/Users/analyst/IR/CS-*/,分析师B,hash 与源一致
2026-08-30 07:00,分析师B,分析,CS-20260830-060000-mem.raw,Volatility 分析,/Users/analyst/IR/CS-*/mem.raw,待填,/Users/analyst/IR/CS-*/analysis/,分析师B,windows.pstree
2026-08-30 07:30,分析师B,分析,CS-20260830-060000-mem.raw,CobaltStrikeParser 提取,/Users/analyst/IR/CS-*/mem.raw,待填,/Users/analyst/IR/CS-*/analysis/cs_config.json,分析师B,Beacon 配置
